City_ID,City,Country,Date,Lat,Lng,Max Temp,Humidity,Cloudiness,Wind Speed,Current Description,Rain (inches),Snow (inches)
0,Cabedelo,BR,2020-07-10 00:09:33,-6.98,-34.83,75.2,94,20,4.7,few clouds,0.0,0
1,Bonavista,CA,2020-07-10 00:09:33,48.65,-53.11,53.01,86,100,7.0,overcast clouds,0.0,0
2,Lons-Le-Saunier,FR,2020-07-10 00:09:33,46.75,5.75,66.99,82,21,3.24,few clouds,0.0,0
3,Victoria,HK,2020-07-10 00:05:24,22.29,114.16,88.0,74,100,11.99,overcast clouds,0.0,0
4,Mar Del Plata,AR,2020-07-10 00:06:17,-38.0,-57.56,46.99,70,100,10.29,overcast clouds,0.0,0
5,Nikolskoye,RU,2020-07-10 00:09:33,59.7,30.79,51.8,81,20,8.95,few clouds,0.0,0
6,Rikitea,PF,2020-07-10 00:09:34,-23.12,-134.97,67.8,72,5,23.22,light rain,0.12,0
7,Pevek,RU,2020-07-10 00:09:34,69.7,170.31,43.0,100,100,0.96,light rain,0.11,0
8,Jamestown,US,2020-07-10 00:06:53,42.1,-79.24,82.99,61,1,3.36,clear sky,0.0,0
9,Mataura,NZ,2020-07-10 00:09:34,-46.19,168.86,46.38,87,96,7.14,overcast clouds,0.0,0
10,Severo-Kurilsk,RU,2020-07-10 00:09:34,50.68,156.12,49.55,94,100,7.7,light rain,0.39,0
11,Faanui,PF,2020-07-10 00:09:34,-16.48,-151.75,76.59,79,35,24.58,scattered clouds,0.0,0
12,Ushuaia,AR,2020-07-10 00:09:34,-54.8,-68.3,35.6,74,40,11.41,scattered clouds,0.0,0
13,Qaanaaq,GL,2020-07-10 00:09:35,77.48,-69.36,47.82,53,99,1.43,overcast clouds,0.0,0
14,Cape Town,ZA,2020-07-10 00:06:59,-33.93,18.42,52.0,93,75,12.75,moderate rain,1.27,0
15,Byron Bay,AU,2020-07-10 00:09:35,-28.65,153.62,60.8,93,90,9.17,overcast clouds,0.0,0
16,Hobart,AU,2020-07-10 00:09:35,-42.88,147.33,42.01,93,75,6.93,broken clouds,0.0,0
17,Palauig,PH,2020-07-10 00:09:35,15.44,119.9,85.15,70,98,4.68,overcast clouds,0.0,0
18,Yulara,AU,2020-07-10 00:09:35,-25.24,130.99,44.6,39,0,5.82,clear sky,0.0,0
19,Muros,ES,2020-07-10 00:09:35,42.78,-9.06,64.99,80,30,4.0,scattered clouds,0.0,0
20,Rio Grande,BR,2020-07-10 00:09:36,-32.03,-52.1,39.99,96,0,11.72,clear sky,0.0,0
21,Saint George,US,2020-07-10 00:09:19,37.1,-113.58,102.99,5,1,10.29,clear sky,0.0,0
22,Pato Branco,BR,2020-07-10 00:09:36,-26.23,-52.67,43.27,93,0,3.0,clear sky,0.0,0
23,Bluff,NZ,2020-07-10 00:09:36,-46.6,168.33,50.16,79,78,16.11,broken clouds,0.0,0
24,Maniitsoq,GL,2020-07-10 00:09:36,65.42,-52.9,40.28,97,100,9.98,light rain,0.14,0
25,Puerto Ayora,EC,2020-07-10 00:09:36,-0.74,-90.35,68.0,91,67,1.99,broken clouds,0.0,0
26,Hermanus,ZA,2020-07-10 00:09:36,-34.42,19.23,50.0,92,100,13.31,moderate rain,1.49,0
27,Evensk,RU,2020-07-10 00:09:37,61.95,159.23,55.6,86,99,1.7,overcast clouds,0.0,0
28,Myurego,RU,2020-07-10 00:09:37,42.41,47.69,80.6,54,20,8.95,few clouds,0.0,0
29,Ahipara,NZ,2020-07-10 00:09:37,-35.17,173.17,56.32,69,68,5.91,light rain,0.13,0
30,Tuktoyaktuk,CA,2020-07-10 00:09:37,69.45,-133.04,39.2,86,90,10.29,overcast clouds,0.0,0
31,Vaini,TO,2020-07-10 00:09:37,-21.2,-175.2,75.2,88,75,5.82,broken clouds,0.0,0
32,Lebu,CL,2020-07-10 00:09:38,-37.62,-73.65,53.82,94,100,23.96,moderate rain,2.2,0
33,Pisco,PE,2020-07-10 00:09:38,-13.7,-76.22,62.6,72,20,13.87,few clouds,0.0,0
34,Joshimath,IN,2020-07-10 00:09:38,30.57,79.57,67.42,60,99,0.45,light rain,0.14,0
35,Albany,US,2020-07-10 00:09:38,42.6,-73.97,87.01,58,0,3.83,clear sky,0.0,0
36,Kapaa,US,2020-07-10 00:09:38,22.08,-159.32,80.6,78,75,6.93,broken clouds,0.0,0
37,Egvekinot,RU,2020-07-10 00:09:38,66.32,-179.17,51.37,74,90,4.43,overcast clouds,0.0,0
38,Srednekolymsk,RU,2020-07-10 00:09:38,67.45,153.68,67.95,54,48,2.64,scattered clouds,0.0,0
39,Tambilil,PH,2020-07-10 00:09:38,5.96,124.67,85.87,60,98,0.72,overcast clouds,0.0,0
40,Kambove,CD,2020-07-10 00:09:39,-10.88,26.6,56.34,58,0,3.29,clear sky,0.0,0
41,General Macarthur,PH,2020-07-10 00:09:39,11.25,125.54,85.12,70,96,4.72,overcast clouds,0.0,0
42,Tiksi,RU,2020-07-10 00:09:39,71.69,128.87,36.39,88,82,9.71,broken clouds,0.0,0
43,Pochutla,MX,2020-07-10 00:09:39,15.74,-96.47,93.2,52,90,5.97,overcast clouds,0.0,0
44,Talnakh,RU,2020-07-10 00:09:39,69.49,88.4,53.6,93,18,26.84,few clouds,0.0,0
45,Airai,TL,2020-07-10 00:09:39,-8.93,125.41,63.73,81,85,4.56,overcast clouds,0.0,0
46,Kieta,PG,2020-07-10 00:09:39,-6.22,155.63,83.64,72,100,8.43,moderate rain,2.07,0
47,Busselton,AU,2020-07-10 00:09:39,-33.65,115.33,37.0,88,0,7.56,clear sky,0.0,0
48,Sumbe,AO,2020-07-10 00:09:40,-11.21,13.84,69.53,86,12,6.06,few clouds,0.0,0
49,Broken Hill,AU,2020-07-10 00:09:40,-31.95,141.43,57.2,62,93,5.82,overcast clouds,0.0,0
50,Ampanihy,MG,2020-07-10 00:09:40,-24.7,44.75,62.29,64,0,5.88,clear sky,0.0,0
51,Praia Da Vitoria,PT,2020-07-10 00:09:40,38.73,-27.07,68.0,82,75,5.39,broken clouds,0.0,0
52,Sarangani,PH,2020-07-10 00:09:40,5.4,125.46,83.77,76,98,12.91,moderate rain,1.62,0
53,Bredasdorp,ZA,2020-07-10 00:09:40,-34.53,20.04,50.0,92,100,10.16,light rain,0.49,0
54,Arraial Do Cabo,BR,2020-07-10 00:09:40,-22.97,-42.03,71.6,78,75,10.29,broken clouds,0.0,0
55,Zhangjiakou,CN,2020-07-10 00:09:41,40.81,114.88,63.46,77,35,7.76,scattered clouds,0.0,0
56,Karwar,IN,2020-07-10 00:09:41,14.8,74.13,78.17,86,100,6.46,light rain,0.99,0
57,Chokurdakh,RU,2020-07-10 00:09:41,70.63,147.92,59.13,58,100,9.42,overcast clouds,0.0,0
58,Gurupa,BR,2020-07-10 00:09:41,-1.41,-51.64,75.47,92,95,2.51,overcast clouds,0.0,0
59,Farmington,US,2020-07-10 00:09:41,36.73,-108.22,96.8,6,1,18.34,clear sky,0.0,0
60,Bambous Virieux,MU,2020-07-10 00:09:42,-20.34,57.76,69.01,88,75,18.34,shower rain,0.0,0
61,Vestmannaeyjar,IS,2020-07-10 00:09:42,63.44,-20.27,51.91,79,82,21.59,broken clouds,0.0,0
62,Abong Mbang,CM,2020-07-10 00:09:42,3.98,13.18,67.41,98,100,2.39,moderate rain,1.28,0
63,Sao Francisco Do Sul,BR,2020-07-10 00:09:42,-26.24,-48.64,57.99,93,43,3.36,scattered clouds,0.0,0
64,Slupsk,PL,2020-07-10 00:09:42,54.46,17.03,55.96,97,100,5.44,light rain,0.25,0
65,Avarua,CK,2020-07-10 00:09:42,-21.21,-159.78,77.0,73,85,13.87,overcast clouds,0.0,0
66,Henties Bay,NA,2020-07-10 00:09:42,-22.12,14.28,51.01,88,0,2.89,clear sky,0.0,0
67,New Norfolk,AU,2020-07-10 00:09:42,-42.78,147.06,39.99,93,71,1.68,broken clouds,0.0,0
68,Provideniya,RU,2020-07-10 00:09:43,64.38,-173.3,51.8,81,20,13.42,few clouds,0.0,0
69,Camacha,PT,2020-07-10 00:06:25,33.08,-16.33,68.0,82,40,16.11,scattered clouds,0.0,0
70,Khani,GE,2020-07-10 00:09:43,41.96,42.96,69.8,100,81,2.24,broken clouds,0.0,0
71,San Juan Bautista,PE,2020-07-10 00:09:43,-14.01,-75.74,62.6,72,20,13.87,few clouds,0.0,0
72,Port Alfred,ZA,2020-07-10 00:09:43,-33.59,26.89,59.0,87,40,3.0,scattered clouds,0.0,0
73,Karratha,AU,2020-07-10 00:09:43,-20.74,116.85,66.99,27,14,18.25,few clouds,0.0,0
74,Juegang,CN,2020-07-10 00:09:43,32.32,121.19,74.89,87,92,9.17,overcast clouds,0.0,0
75,Butaritari,KI,2020-07-10 00:09:44,3.07,172.79,82.44,79,2,15.48,light rain,0.51,0
76,Wielun,PL,2020-07-10 00:09:44,51.22,18.57,64.99,100,71,9.37,broken clouds,0.0,0
77,Edgewater,US,2020-07-10 00:09:44,28.99,-80.9,82.4,83,75,10.29,broken clouds,0.0,0
78,Jalu,LY,2020-07-10 00:09:44,29.03,21.55,80.38,46,0,7.94,clear sky,0.0,0
79,Fairbanks,US,2020-07-10 00:06:39,64.84,-147.72,64.0,82,40,3.42,light rain,0.25,0
80,Ormara,PK,2020-07-10 00:09:44,25.21,64.64,86.85,78,65,4.23,broken clouds,0.0,0
81,Vardo,NO,2020-07-10 00:09:44,70.37,31.11,48.04,90,100,18.9,overcast clouds,0.0,0
82,Mahebourg,MU,2020-07-10 00:09:45,-20.41,57.7,68.0,88,75,18.34,shower rain,0.0,0
83,Chuy,UY,2020-07-10 00:09:45,-33.7,-53.46,45.03,81,6,9.28,clear sky,0.0,0
84,Punta Arenas,CL,2020-07-10 00:07:27,-53.15,-70.92,33.8,80,90,17.22,overcast clouds,0.0,0
85,Olafsvik,IS,2020-07-10 00:09:45,64.89,-23.71,52.05,71,61,8.39,broken clouds,0.0,0
86,Hauterive,FR,2020-07-10 00:09:45,46.09,3.45,68.0,64,26,3.36,scattered clouds,0.0,0
87,Reshetylivka,UA,2020-07-10 00:09:45,49.56,34.08,54.32,89,0,3.65,clear sky,0.0,0
88,Yatou,CN,2020-07-10 00:09:45,37.15,122.38,74.77,63,71,6.73,broken clouds,0.0,0
89,Clyde River,CA,2020-07-10 00:09:46,70.47,-68.59,42.8,87,75,8.05,broken clouds,0.0,0
90,Saskylakh,RU,2020-07-10 00:09:46,71.92,114.08,54.75,62,43,10.6,scattered clouds,0.0,0
91,San Cristobal,VE,2020-07-10 00:09:46,7.77,-72.22,86.0,55,40,8.05,scattered clouds,0.0,0
92,Kahului,US,2020-07-10 00:08:03,20.89,-156.47,87.8,52,40,23.04,smoke,0.0,0
93,Grand Gaube,MU,2020-07-10 00:09:46,-20.01,57.66,69.01,80,23,7.0,light rain,0.25,0
94,Hervey Bay,AU,2020-07-10 00:09:46,-25.3,152.85,68.0,76,0,5.01,clear sky,0.0,0
95,Atuona,PF,2020-07-10 00:09:46,-9.8,-139.03,79.5,77,3,14.07,clear sky,0.0,0
96,Salalah,OM,2020-07-10 00:09:46,17.02,54.09,82.4,88,75,1.12,broken clouds,0.0,0
97,Bainbridge,US,2020-07-10 00:09:47,47.63,-122.52,71.6,56,75,8.05,broken clouds,0.0,0
98,East London,ZA,2020-07-10 00:09:47,-33.02,27.91,67.12,54,10,2.04,clear sky,0.0,0
99,Ayan,RU,2020-07-10 00:09:47,56.45,138.17,51.49,90,100,7.67,overcast clouds,0.0,0
100,Southbridge,US,2020-07-10 00:09:11,42.08,-72.03,82.99,74,9,6.26,clear sky,0.0,0
101,Orangeburg,US,2020-07-10 00:09:47,33.49,-80.86,80.6,83,40,3.36,scattered clouds,0.0,0
102,Hilo,US,2020-07-10 00:09:47,19.73,-155.09,78.8,78,90,5.82,light rain,0.89,0
103,Barrow,US,2020-07-10 00:06:33,71.29,-156.79,39.2,80,75,11.41,broken clouds,0.0,0
104,Kenai,US,2020-07-10 00:09:48,60.55,-151.26,68.0,48,40,8.05,scattered clouds,0.0,0
105,Ponta Do Sol,PT,2020-07-10 00:09:48,32.67,-17.1,70.0,70,0,3.22,clear sky,0.0,0
106,Niamey,NE,2020-07-10 00:09:48,13.51,2.11,87.8,52,68,6.93,broken clouds,0.0,0
107,Port Elizabeth,ZA,2020-07-10 00:09:48,-33.92,25.57,57.2,82,20,8.05,few clouds,0.0,0
108,Narok,KE,2020-07-10 00:09:48,-1.08,35.86,55.31,93,14,7.52,few clouds,0.0,0
109,Bordighera,IT,2020-07-10 00:09:48,43.78,7.66,73.4,69,0,4.7,clear sky,0.0,0
110,Shingu,JP,2020-07-10 00:09:48,33.73,135.98,77.0,88,75,3.36,shower rain,0.0,0
111,Viedma,AR,2020-07-10 00:09:22,-40.81,-63.0,51.58,59,100,25.61,overcast clouds,0.0,0
112,Dikson,RU,2020-07-10 00:09:49,73.51,80.55,42.73,85,0,14.09,clear sky,0.0,0
113,Hithadhoo,MV,2020-07-10 00:09:49,-0.6,73.08,84.27,72,80,7.38,broken clouds,0.0,0
114,Qaqortoq,GL,2020-07-10 00:09:49,60.72,-46.03,50.0,81,100,1.12,overcast clouds,0.0,0
115,Kunri,PK,2020-07-10 00:09:49,25.18,69.57,85.77,74,56,14.7,broken clouds,0.0,0
116,Saint Peters,US,2020-07-10 00:09:49,38.8,-90.63,91.99,52,1,8.05,clear sky,0.0,0
117,Pangkalanbuun,ID,2020-07-10 00:09:49,-2.68,111.62,75.31,97,91,1.9,moderate rain,1.06,0
118,Cockburn Town,TC,2020-07-10 00:09:49,21.46,-71.14,83.34,80,100,20.09,overcast clouds,0.0,0
119,Lavrentiya,RU,2020-07-10 00:09:50,65.58,-171.0,53.82,69,14,5.91,few clouds,0.0,0
120,Kaduna,NG,2020-07-10 00:09:50,10.52,7.44,72.79,88,98,5.97,overcast clouds,0.0,0
121,Katherine,AU,2020-07-10 00:09:50,-14.47,132.27,71.6,64,3,6.93,clear sky,0.0,0
122,Prince Rupert,CA,2020-07-10 00:09:47,54.32,-130.32,62.6,72,20,4.7,few clouds,0.0,0
123,Bloomington,US,2020-07-10 00:09:50,44.84,-93.3,79.0,74,90,6.93,overcast clouds,0.0,0
124,Gizo,SB,2020-07-10 00:09:50,-8.1,156.84,84.49,71,33,11.88,scattered clouds,0.0,0
125,Kerema,PG,2020-07-10 00:09:51,-7.96,145.78,82.65,73,42,3.04,scattered clouds,0.0,0
126,Norman Wells,CA,2020-07-10 00:09:51,65.28,-126.83,64.4,48,75,6.4,broken clouds,0.0,0
127,Nova Olinda Do Norte,BR,2020-07-10 00:09:51,-3.89,-59.09,81.63,65,72,1.92,broken clouds,0.0,0
128,Yellowknife,CA,2020-07-10 00:08:53,62.46,-114.35,68.0,48,75,9.17,shower rain,0.0,0
129,Kaitangata,NZ,2020-07-10 00:09:51,-46.28,169.85,50.0,70,53,7.0,broken clouds,0.0,0
130,Barsovo,RU,2020-07-10 00:09:51,61.17,73.17,59.0,77,0,8.95,clear sky,0.0,0
131,Yerbogachen,RU,2020-07-10 00:09:51,61.28,108.01,62.94,72,43,3.02,scattered clouds,0.0,0
132,Kassala,SD,2020-07-10 00:09:52,15.45,36.4,81.97,53,100,11.74,overcast clouds,0.0,0
133,Ostrovnoy,RU,2020-07-10 00:09:52,68.05,39.51,57.81,87,100,17.13,overcast clouds,0.0,0
134,Xingyi,CN,2020-07-10 00:09:52,24.19,102.82,63.32,97,100,4.83,overcast clouds,0.0,0
135,Zhigansk,RU,2020-07-10 00:09:52,66.77,123.37,68.61,43,61,4.85,broken clouds,0.0,0
136,Belmopan,BZ,2020-07-10 00:09:52,17.25,-88.77,86.0,70,47,4.0,scattered clouds,0.0,0
137,Katsuura,JP,2020-07-10 00:09:05,35.13,140.3,78.01,83,93,5.99,overcast clouds,0.0,0
138,Kulhudhuffushi,MV,2020-07-10 00:09:52,6.62,73.07,82.54,77,100,12.37,moderate rain,1.85,0
139,Lagoa,PT,2020-07-10 00:09:53,39.05,-27.98,68.88,72,20,3.06,few clouds,0.0,0
140,Kavaratti,IN,2020-07-10 00:09:53,10.57,72.64,83.46,74,100,12.48,light rain,0.51,0
141,Manzanillo,CU,2020-07-10 00:09:53,20.34,-77.12,83.82,68,35,2.06,scattered clouds,0.0,0
142,Port Hueneme,US,2020-07-10 00:07:34,34.15,-119.2,66.99,82,90,12.75,overcast clouds,0.0,0
143,Bumba,CD,2020-07-10 00:09:53,2.18,22.47,72.14,91,84,2.33,light rain,0.2,0
144,Abengourou,CI,2020-07-10 00:09:53,6.73,-3.5,71.01,95,100,4.52,overcast clouds,0.0,0
145,Saint-Philippe,RE,2020-07-10 00:09:53,-21.36,55.77,68.0,82,75,18.34,broken clouds,0.0,0
146,Maunabo,PR,2020-07-10 00:09:54,18.01,-65.9,82.99,78,7,8.01,clear sky,0.0,0
147,Kautokeino,NO,2020-07-10 00:09:54,69.01,23.04,46.36,80,100,8.93,overcast clouds,0.0,0
148,Stephenville,US,2020-07-10 00:09:54,32.22,-98.2,95.0,41,1,10.29,clear sky,0.0,0
149,Tabory,RU,2020-07-10 00:09:54,58.52,64.55,67.98,83,0,4.03,clear sky,0.0,0
150,Norsup,VU,2020-07-10 00:09:54,-16.07,167.38,78.8,83,75,9.17,shower rain,0.0,0
151,Mount Gambier,AU,2020-07-10 00:09:00,-37.83,140.77,46.4,81,90,8.05,overcast clouds,0.0,0
152,Bulgan,MN,2020-07-10 00:09:54,48.81,103.53,54.88,79,100,3.89,overcast clouds,0.0,0
153,Kupang,ID,2020-07-10 00:09:54,-10.17,123.58,78.8,69,20,14.99,few clouds,0.0,0
154,Buala,SB,2020-07-10 00:09:55,-8.14,159.59,84.04,75,53,12.1,light rain,0.52,0
155,Grao Mogol,BR,2020-07-10 00:09:55,-16.56,-42.89,60.98,62,1,2.3,clear sky,0.0,0
156,Walvis Bay,NA,2020-07-10 00:06:43,-22.96,14.51,51.01,81,0,4.7,clear sky,0.0,0
157,Tocopilla,CL,2020-07-10 00:09:55,-22.09,-70.2,58.64,66,21,2.57,few clouds,0.0,0
158,Namatanai,PG,2020-07-10 00:09:55,-3.67,152.43,84.43,70,41,8.25,moderate rain,1.21,0
159,Kearney,US,2020-07-10 00:09:27,40.7,-99.08,82.4,58,1,8.05,clear sky,0.0,0
160,Souillac,MU,2020-07-10 00:09:55,-20.52,57.52,68.0,88,75,18.34,shower rain,0.0,0
161,Vila Velha,BR,2020-07-10 00:09:55,-20.33,-40.29,73.4,88,0,12.75,clear sky,0.0,0
162,Vikulovo,RU,2020-07-10 00:09:56,56.82,70.61,65.64,93,2,10.78,clear sky,0.0,0
163,Petropavlovsk-Kamchatskiy,RU,2020-07-10 00:09:56,53.05,158.65,59.0,100,90,4.47,light intensity shower rain,0.0,0
164,Dingle,PH,2020-07-10 00:09:56,11.0,122.67,82.76,77,97,1.01,overcast clouds,0.0,0
165,Crossfield,CA,2020-07-10 00:09:56,51.43,-114.04,72.0,62,97,5.99,light rain,0.44,0
166,Isangel,VU,2020-07-10 00:09:56,-19.55,169.27,77.0,69,90,5.82,overcast clouds,0.0,0
167,Narsaq,GL,2020-07-10 00:09:56,60.92,-46.05,50.0,81,99,1.12,overcast clouds,0.0,0
168,Stephenville Crossing,CA,2020-07-10 00:08:53,48.5,-58.43,59.0,77,75,10.29,broken clouds,0.0,0
169,Pingzhuang,CN,2020-07-10 00:09:57,42.04,119.29,70.92,61,100,7.45,overcast clouds,0.0,0
170,Ballyshannon,IE,2020-07-10 00:09:57,54.5,-8.18,46.0,92,37,7.27,scattered clouds,0.0,0
171,Chicama,PE,2020-07-10 00:09:57,-7.84,-79.15,63.34,77,31,6.82,scattered clouds,0.0,0
172,Zeya,RU,2020-07-10 00:09:57,53.75,127.27,73.65,55,100,8.21,overcast clouds,0.0,0
173,Marawi,PH,2020-07-10 00:09:57,8.0,124.29,81.0,80,35,1.16,scattered clouds,0.0,0
174,Iralaya,HN,2020-07-10 00:09:57,15.0,-83.23,78.8,88,90,4.14,overcast clouds,0.0,0
175,Cayenne,GF,2020-07-10 00:09:58,4.93,-52.33,77.0,100,100,2.24,moderate rain,1.89,0
176,Ambilobe,MG,2020-07-10 00:09:58,-13.2,49.05,66.52,65,0,7.34,clear sky,0.0,0
177,Biloela,AU,2020-07-10 00:09:58,-24.42,150.5,68.23,57,0,11.97,clear sky,0.0,0
178,Sur,OM,2020-07-10 00:09:58,22.57,59.53,91.42,48,100,8.37,overcast clouds,0.0,0
179,Ouricuri,BR,2020-07-10 00:09:58,-7.88,-40.08,70.47,68,4,1.39,clear sky,0.0,0
180,Conselheiro Pena,BR,2020-07-10 00:09:58,-19.17,-41.47,71.04,61,0,1.72,clear sky,0.0,0
181,Port Macquarie,AU,2020-07-10 00:09:13,-31.43,152.92,57.99,97,82,7.09,broken clouds,0.0,0
182,Awbari,LY,2020-07-10 00:09:59,26.59,12.78,79.84,22,0,7.94,clear sky,0.0,0
183,Puerto Escondido,MX,2020-07-10 00:09:59,15.85,-97.07,86.0,66,40,5.82,scattered clouds,0.0,0
184,Bengkulu,ID,2020-07-10 00:09:59,-3.8,102.27,75.72,87,100,7.05,overcast clouds,0.0,0
185,Turukhansk,RU,2020-07-10 00:09:59,65.82,87.98,56.41,81,27,6.15,scattered clouds,0.0,0
186,Ostersund,SE,2020-07-10 00:09:59,63.18,14.64,46.4,87,7,14.99,clear sky,0.0,0
187,Hasaki,JP,2020-07-10 00:09:59,35.73,140.83,80.01,83,75,5.82,broken clouds,0.0,0
188,Acapulco,MX,2020-07-10 00:06:54,16.86,-99.89,84.2,79,75,8.05,broken clouds,0.0,0
189,Labuhan,ID,2020-07-10 00:10:00,-6.88,112.21,76.28,83,55,9.91,broken clouds,0.0,0
190,Geraldton,AU,2020-07-10 00:10:00,-28.77,114.6,51.8,66,26,17.22,scattered clouds,0.0,0
191,Meulaboh,ID,2020-07-10 00:10:00,4.14,96.13,75.74,80,99,4.88,overcast clouds,0.0,0
192,Chalons-En-Champagne,FR,2020-07-10 00:10:00,48.95,4.37,68.0,64,0,10.29,clear sky,0.0,0
193,Rio Gallegos,AR,2020-07-10 00:10:00,-51.62,-69.22,28.4,86,37,11.41,scattered clouds,0.0,0
194,Chake Chake,TZ,2020-07-10 00:10:01,-5.25,39.77,75.06,82,5,10.54,clear sky,0.0,0
195,Upernavik,GL,2020-07-10 00:10:01,72.79,-56.15,42.98,77,100,5.3,overcast clouds,0.0,0
196,Hanzhong,CN,2020-07-10 00:10:01,33.07,107.03,75.15,75,97,0.69,overcast clouds,0.0,0
197,Monster,NL,2020-07-10 00:10:01,52.03,4.17,64.0,96,100,5.01,moderate rain,1.02,0
198,Georgetown,MY,2020-07-10 00:10:01,5.41,100.34,80.6,94,20,6.06,few clouds,0.0,0
199,Ambalavao,MG,2020-07-10 00:10:01,-21.83,46.93,50.0,91,67,4.65,broken clouds,0.0,0
200,Ilulissat,GL,2020-07-10 00:10:01,69.22,-51.1,51.8,71,100,12.75,light intensity shower rain,0.0,0
201,Misratah,LY,2020-07-10 00:10:01,32.38,15.09,74.46,84,0,7.45,clear sky,0.0,0
202,Tasiilaq,GL,2020-07-10 00:10:02,65.61,-37.64,46.4,61,100,12.75,overcast clouds,0.0,0
203,Coihaique,CL,2020-07-10 00:06:23,-45.58,-72.07,33.8,86,40,3.36,scattered clouds,0.0,0
204,Carnarvon,AU,2020-07-10 00:10:02,-24.87,113.63,53.6,54,91,10.29,overcast clouds,0.0,0
205,La Ronge,CA,2020-07-10 00:10:02,55.1,-105.28,68.0,56,75,10.29,broken clouds,0.0,0
206,Castro,BR,2020-07-10 00:05:07,-24.79,-50.01,46.9,67,88,1.21,overcast clouds,0.0,0
207,Husavik,IS,2020-07-10 00:10:02,66.04,-17.34,46.4,81,75,6.93,broken clouds,0.0,0
208,Tuatapere,NZ,2020-07-10 00:10:03,-46.13,167.68,48.87,78,92,7.47,overcast clouds,0.0,0
209,Sebring,US,2020-07-10 00:10:03,27.5,-81.44,91.4,55,1,9.17,clear sky,0.0,0
210,Vostok,RU,2020-07-10 00:10:03,46.49,135.88,57.18,98,98,3.42,light rain,0.16,0
211,Maun,BW,2020-07-10 00:10:03,-19.98,23.42,53.6,71,0,2.24,clear sky,0.0,0
212,Warri,NG,2020-07-10 00:10:03,5.52,5.75,74.86,95,100,3.67,light rain,0.4,0
213,Sitka,US,2020-07-10 00:10:03,57.05,-135.33,55.4,87,90,3.36,moderate rain,1.02,0
214,Saldanha,ZA,2020-07-10 00:10:03,-33.01,17.94,51.8,93,100,6.93,moderate rain,1.48,0
215,Thompson,CA,2020-07-10 00:10:04,55.74,-97.86,60.8,93,90,9.17,light intensity shower rain,0.0,0
216,Keller,US,2020-07-10 00:10:04,32.93,-97.25,95.0,47,20,19.46,few clouds,0.0,0
217,Port-Gentil,GA,2020-07-10 00:10:04,-0.72,8.78,77.0,83,75,11.41,broken clouds,0.0,0
218,Cam Ranh,VN,2020-07-10 00:10:04,11.92,109.16,84.2,74,20,2.24,few clouds,0.0,0
219,Khatanga,RU,2020-07-10 00:10:04,71.97,102.5,54.93,58,11,18.21,few clouds,0.0,0
220,Grindavik,IS,2020-07-10 00:10:05,63.84,-22.43,50.0,66,75,9.17,broken clouds,0.0,0
221,Whitianga,NZ,2020-07-10 00:10:05,-36.83,175.7,57.0,77,0,4.52,clear sky,0.0,0
222,Havre-Saint-Pierre,CA,2020-07-10 00:10:05,50.23,-63.6,62.6,88,90,5.82,overcast clouds,0.0,0
223,Longyearbyen,SJ,2020-07-10 00:10:05,78.22,15.64,46.4,81,75,11.41,light intensity drizzle,0.0,0
224,Kutum,SD,2020-07-10 00:10:05,14.2,24.67,75.74,61,69,5.41,broken clouds,0.0,0
225,Chabahar,IR,2020-07-10 00:10:05,25.29,60.64,86.68,76,99,4.27,overcast clouds,0.0,0
226,Ribeira Grande,PT,2020-07-10 00:10:05,38.52,-28.7,68.0,77,75,4.7,broken clouds,0.0,0
227,San Ignacio,BZ,2020-07-10 00:10:05,17.16,-89.07,89.6,62,75,9.17,light rain,0.0,0
228,Vao,NC,2020-07-10 00:10:06,-22.67,167.48,67.44,71,0,21.05,clear sky,0.0,0
229,Naze,JP,2020-07-10 00:10:06,28.37,129.48,84.2,94,75,18.34,broken clouds,0.0,0
230,Conceicao Da Barra,BR,2020-07-10 00:10:06,-18.59,-39.73,72.81,83,0,7.52,clear sky,0.0,0
231,Manuk Mangkaw,PH,2020-07-10 00:10:06,4.8,119.85,83.3,72,100,4.83,light rain,0.87,0
232,Jipijapa,EC,2020-07-10 00:10:06,-1.33,-80.58,67.14,89,60,5.5,broken clouds,0.0,0
233,Riwaka,NZ,2020-07-10 00:10:06,-41.08,173.0,52.0,83,18,1.01,few clouds,0.0,0
234,Sydney,AU,2020-07-10 00:06:07,-33.87,151.21,55.99,87,75,8.05,broken clouds,0.0,0
235,Kununurra,AU,2020-07-10 00:10:07,-15.77,128.73,69.8,28,12,1.12,few clouds,0.0,0
236,Tikrit,IQ,2020-07-10 00:10:07,34.61,43.68,91.51,16,0,11.56,clear sky,0.0,0
237,Stornoway,GB,2020-07-10 00:10:07,58.21,-6.39,46.99,93,98,6.93,overcast clouds,0.0,0
238,Nouakchott,MR,2020-07-10 00:10:07,18.09,-15.98,78.8,83,40,18.34,scattered clouds,0.0,0
239,Naliya,IN,2020-07-10 00:10:08,23.27,68.83,83.71,82,49,15.73,scattered clouds,0.0,0
240,Freeport,US,2020-07-10 00:09:22,40.66,-73.58,81.0,74,40,12.75,scattered clouds,0.0,0
241,Smithers,CA,2020-07-10 00:10:08,54.78,-127.17,66.2,48,75,3.36,broken clouds,0.0,0
242,Noshiro,JP,2020-07-10 00:10:08,40.2,140.02,66.2,100,75,1.12,broken clouds,0.0,0
243,Nouadhibou,MR,2020-07-10 00:10:08,20.93,-17.03,80.6,54,0,23.04,clear sky,0.0,0
244,Port Hawkesbury,CA,2020-07-10 00:10:08,45.62,-61.35,66.2,82,1,2.24,clear sky,0.0,0
245,Touros,BR,2020-07-10 00:10:08,-5.2,-35.46,75.2,94,40,3.36,scattered clouds,0.0,0
246,Sao Joao Da Barra,BR,2020-07-10 00:10:08,-21.64,-41.05,70.56,80,1,15.52,clear sky,0.0,0
247,Wuwei,CN,2020-07-10 00:10:09,37.93,102.64,71.01,51,85,0.13,overcast clouds,0.0,0
248,Komsomolskiy,UZ,2020-07-10 00:10:09,40.43,71.72,75.2,36,98,2.24,overcast clouds,0.0,0
249,Huntington,US,2020-07-10 00:10:09,38.42,-82.45,91.99,49,1,4.7,thunderstorm,0.0,0
250,Noyabrsk,RU,2020-07-10 00:10:09,63.2,75.45,55.27,70,12,21.85,few clouds,0.0,0
251,Francistown,BW,2020-07-10 00:10:09,-21.17,27.51,50.59,79,0,3.74,clear sky,0.0,0
252,Nemuro,JP,2020-07-10 00:10:10,43.32,145.57,60.8,100,75,3.36,mist,0.0,0
253,Ust-Karsk,RU,2020-07-10 00:10:10,52.7,118.81,79.77,48,95,2.62,overcast clouds,0.0,0
254,Bom Conselho,BR,2020-07-10 00:10:10,-9.17,-36.68,66.0,97,72,5.86,broken clouds,0.0,0
255,Potsdam,DE,2020-07-10 00:10:10,52.4,13.07,63.0,95,99,4.14,overcast clouds,0.0,0
256,Auki,SB,2020-07-10 00:10:10,-8.77,160.7,84.36,71,35,5.59,light rain,0.24,0
257,Luang Prabang,LA,2020-07-10 00:10:10,19.89,102.13,77.77,79,100,1.7,overcast clouds,0.0,0
258,Coquimbo,CL,2020-07-10 00:10:10,-29.95,-71.34,53.6,93,87,6.93,overcast clouds,0.0,0
259,Virovitica,HR,2020-07-10 00:10:11,45.83,17.38,60.01,89,2,2.95,clear sky,0.0,0
260,Jibuti,DJ,2020-07-10 00:10:11,11.5,42.5,96.8,19,20,4.38,few clouds,0.0,0
261,Iaciara,BR,2020-07-10 00:10:11,-14.1,-46.63,71.76,38,0,6.49,clear sky,0.0,0
262,Tazovskiy,RU,2020-07-10 00:10:11,67.47,78.7,55.04,71,0,19.26,clear sky,0.0,0
263,Calvinia,ZA,2020-07-10 00:10:11,-31.47,19.78,43.48,79,57,5.95,broken clouds,0.0,0
264,Locri,IT,2020-07-10 00:10:11,38.24,16.26,75.2,88,0,1.12,clear sky,0.0,0
265,Marapanim,BR,2020-07-10 00:10:11,-0.72,-47.7,75.63,92,73,5.64,broken clouds,0.0,0
266,Portland,US,2020-07-10 00:08:00,45.52,-122.68,78.01,41,40,4.7,scattered clouds,0.0,0
267,Slave Lake,CA,2020-07-10 00:10:12,55.28,-114.77,59.0,82,100,3.36,light rain,0.0,0
268,Hamilton,US,2020-07-10 00:07:09,39.18,-84.53,86.0,62,1,1.63,clear sky,0.0,0
269,Shimoda,JP,2020-07-10 00:10:12,34.67,138.95,78.01,88,75,14.99,broken clouds,0.0,0
270,San Francisco,US,2020-07-10 00:07:28,37.77,-122.42,73.4,49,1,14.99,clear sky,0.0,0
271,Jardim,BR,2020-07-10 00:10:12,-21.48,-56.14,60.55,58,96,6.71,overcast clouds,0.0,0
272,Centralia,US,2020-07-10 00:05:46,46.72,-122.95,71.6,64,75,5.82,broken clouds,0.0,0
273,Sao Filipe,CV,2020-07-10 00:10:12,14.9,-24.5,74.48,84,56,8.37,broken clouds,0.0,0
274,Santa Cruz,BO,2020-07-10 00:08:36,-17.8,-63.17,60.8,82,90,3.36,overcast clouds,0.0,0
275,San Quintin,MX,2020-07-10 00:10:13,30.48,-115.95,71.64,65,8,11.95,clear sky,0.0,0
276,Raudeberg,NO,2020-07-10 00:10:13,61.99,5.14,51.01,87,24,9.26,few clouds,0.0,0
277,Santa Maria,BR,2020-07-10 00:08:12,-29.68,-53.81,44.6,100,2,2.24,clear sky,0.0,0
278,Lata,PT,2020-07-10 00:10:13,40.16,-8.33,64.0,81,11,0.83,few clouds,0.0,0
279,Yurga,RU,2020-07-10 00:10:13,55.72,84.89,59.54,83,100,5.68,overcast clouds,0.0,0
280,Namibe,AO,2020-07-10 00:10:13,-15.2,12.15,61.61,79,0,7.61,clear sky,0.0,0
281,Hambantota,LK,2020-07-10 00:10:13,6.12,81.12,80.31,78,79,15.14,broken clouds,0.0,0
282,Bubaque,GW,2020-07-10 00:10:14,11.28,-15.83,82.2,82,99,16.06,moderate rain,1.49,0
283,Mamallapuram,IN,2020-07-10 00:10:14,12.63,80.17,77.0,100,90,5.82,light intensity drizzle,0.0,0
284,Nakanojo,JP,2020-07-10 00:10:14,36.58,138.85,68.0,99,100,1.28,light rain,0.66,0
285,Zhanakorgan,KZ,2020-07-10 00:10:14,43.91,67.25,78.73,27,86,7.43,overcast clouds,0.0,0
286,The Pas,CA,2020-07-10 00:10:14,53.83,-101.25,69.8,60,20,12.75,few clouds,0.0,0
287,Pangnirtung,CA,2020-07-10 00:10:14,66.15,-65.71,50.05,51,1,1.92,clear sky,0.0,0
288,Masvingo,ZW,2020-07-10 00:10:14,-20.06,30.83,56.14,79,41,4.97,scattered clouds,0.0,0
289,Sorland,NO,2020-07-10 00:10:15,67.67,12.69,51.57,86,38,10.8,scattered clouds,0.0,0
290,Heiligenhafen,DE,2020-07-10 00:10:15,54.37,10.98,54.0,93,100,2.51,overcast clouds,0.0,0
291,Beringovskiy,RU,2020-07-10 00:10:15,63.05,179.32,60.21,61,86,8.25,overcast clouds,0.0,0
292,Necochea,AR,2020-07-10 00:10:15,-38.55,-58.74,48.0,79,100,14.0,light rain,0.3,0
293,Sena Madureira,BR,2020-07-10 00:10:15,-9.07,-68.66,72.75,94,28,3.76,light rain,0.84,0
294,Port Blair,IN,2020-07-10 00:10:15,11.67,92.75,81.34,82,100,9.62,overcast clouds,0.0,0
295,Bethel,US,2020-07-10 00:05:20,41.37,-73.41,80.6,65,1,5.82,clear sky,0.0,0
296,Cherskiy,RU,2020-07-10 00:10:16,68.75,161.3,58.5,77,97,2.77,overcast clouds,0.0,0
297,Belomorsk,RU,2020-07-10 00:10:16,64.52,34.77,50.59,89,27,8.08,scattered clouds,0.0,0
298,Ossora,RU,2020-07-10 00:10:16,59.24,163.07,53.78,88,100,9.78,overcast clouds,0.0,0
299,Huarmey,PE,2020-07-10 00:10:16,-10.07,-78.15,62.11,82,13,9.4,few clouds,0.0,0
300,Trairi,BR,2020-07-10 00:10:16,-3.28,-39.27,77.81,81,26,8.95,scattered clouds,0.0,0
301,Rocha,UY,2020-07-10 00:10:16,-34.48,-54.33,41.04,80,18,7.27,few clouds,0.0,0
302,Nabire,ID,2020-07-10 00:10:16,-3.37,135.48,83.16,70,31,2.37,scattered clouds,0.0,0
303,Taoudenni,ML,2020-07-10 00:10:17,22.68,-3.98,92.3,12,0,7.85,clear sky,0.0,0
304,Sungaipenuh,ID,2020-07-10 00:07:06,-2.08,101.38,65.48,81,99,3.49,overcast clouds,0.0,0
305,Hobyo,SO,2020-07-10 00:10:17,5.35,48.53,77.61,82,72,26.08,broken clouds,0.0,0
306,Port Hedland,AU,2020-07-10 00:10:17,-20.32,118.57,60.8,25,8,11.41,clear sky,0.0,0
307,Guane,CU,2020-07-10 00:10:17,22.2,-84.09,84.58,73,16,6.53,few clouds,0.0,0
308,Kuito,AO,2020-07-10 00:10:17,-12.38,16.93,57.4,44,0,3.87,clear sky,0.0,0
309,Labrea,BR,2020-07-10 00:10:17,-7.26,-64.8,78.64,69,34,1.43,scattered clouds,0.0,0
310,Constitucion,CL,2020-07-10 00:10:17,-35.33,-72.42,50.68,83,94,4.38,overcast clouds,0.0,0
311,Gunjur,GM,2020-07-10 00:10:18,13.2,-16.73,82.4,83,40,3.36,scattered clouds,0.0,0
312,Abu Samrah,SY,2020-07-10 00:10:18,35.3,37.18,68.58,73,0,5.28,clear sky,0.0,0
313,Areosa,PT,2020-07-10 00:10:18,41.72,-8.86,70.0,93,0,3.36,clear sky,0.0,0
314,Yumen,CN,2020-07-10 00:10:18,40.28,97.2,71.35,23,23,5.5,few clouds,0.0,0
315,Amapa,BR,2020-07-10 00:10:18,1.0,-52.0,73.09,96,100,1.68,light rain,0.19,0
316,Aasiaat,GL,2020-07-10 00:10:18,68.71,-52.87,40.71,98,100,11.68,moderate rain,2.01,0
317,Iwanai,JP,2020-07-10 00:10:19,42.97,140.51,75.85,47,0,7.23,clear sky,0.0,0
318,Bahia Honda,CU,2020-07-10 00:10:19,22.9,-83.16,83.1,80,31,6.67,scattered clouds,0.0,0
319,Kaeo,NZ,2020-07-10 00:10:19,-35.1,173.78,57.99,3,46,8.01,scattered clouds,0.0,0
320,Canico,PT,2020-07-10 00:10:19,32.63,-16.85,75.2,47,20,18.34,few clouds,0.0,0
321,Harper,LR,2020-07-10 00:10:19,4.38,-7.72,76.24,83,100,10.2,overcast clouds,0.0,0
322,Nanortalik,GL,2020-07-10 00:10:19,60.14,-45.24,44.67,93,100,9.22,overcast clouds,0.0,0
323,Palaia Fokaia,GR,2020-07-10 00:10:19,37.72,23.95,73.99,53,0,11.41,clear sky,0.0,0
324,Myaundzha,RU,2020-07-10 00:10:19,63.05,147.19,61.93,50,38,9.28,scattered clouds,0.0,0
325,Mitsamiouli,KM,2020-07-10 00:10:20,-11.38,43.28,76.59,75,1,11.43,clear sky,0.0,0
326,Halifax,CA,2020-07-10 00:08:28,44.65,-63.57,73.0,73,48,4.29,scattered clouds,0.0,0
327,Kalmunai,LK,2020-07-10 00:09:06,7.42,81.82,79.02,82,94,5.06,overcast clouds,0.0,0
328,Yuanping,CN,2020-07-10 00:10:20,38.72,112.76,67.17,81,93,3.47,overcast clouds,0.0,0
329,Enterprise,US,2020-07-10 00:10:09,36.03,-115.24,107.01,3,1,6.93,clear sky,0.0,0
330,Kodiak,US,2020-07-10 00:09:57,57.79,-152.41,69.8,43,1,14.99,clear sky,0.0,0
331,Moba,CN,2020-07-10 00:10:20,33.23,105.02,61.88,82,65,2.42,broken clouds,0.0,0
332,Osoyoos,CA,2020-07-10 00:10:21,49.03,-119.45,75.2,64,75,3.36,broken clouds,0.0,0
333,Leningradskiy,RU,2020-07-10 00:10:21,69.38,178.42,52.03,65,92,12.57,overcast clouds,0.0,0
334,Lerwick,GB,2020-07-10 00:10:21,60.15,-1.15,48.2,93,59,2.24,broken clouds,0.0,0
335,Oga,IT,2020-07-10 00:10:21,46.46,10.35,59.0,100,40,1.12,light intensity drizzle,0.0,0
336,Los Llanos De Aridane,ES,2020-07-10 00:10:21,28.66,-17.92,71.6,78,40,16.11,scattered clouds,0.0,0
337,Klaksvik,FO,2020-07-10 00:10:21,62.23,-6.59,48.2,93,98,9.17,overcast clouds,0.0,0
338,Monterrey,MX,2020-07-10 00:06:29,25.67,-100.32,98.6,29,20,14.99,few clouds,0.0,0
339,Torbay,CA,2020-07-10 00:08:51,47.67,-52.73,55.0,81,90,11.41,overcast clouds,0.0,0
340,Macae,BR,2020-07-10 00:10:22,-22.37,-41.79,71.6,78,75,13.87,broken clouds,0.0,0
341,Koslan,RU,2020-07-10 00:10:22,63.46,48.9,63.28,94,82,5.12,broken clouds,0.0,0
342,Padang,ID,2020-07-10 00:10:22,-0.95,100.35,77.23,75,98,4.21,overcast clouds,0.0,0
343,Waingapu,ID,2020-07-10 00:10:22,-9.66,120.26,77.77,75,78,13.47,broken clouds,0.0,0
344,Mehamn,NO,2020-07-10 00:10:22,71.04,27.85,46.04,93,100,13.87,overcast clouds,0.0,0
345,Yenagoa,NG,2020-07-10 00:10:22,4.92,6.26,74.97,92,100,3.69,overcast clouds,0.0,0
346,Giaginskaya,RU,2020-07-10 00:10:23,44.86,40.07,64.36,83,19,0.29,few clouds,0.0,0
347,Baculin,PH,2020-07-10 00:10:23,7.45,126.58,84.31,67,99,2.39,light rain,0.37,0
348,Flin Flon,CA,2020-07-10 00:10:23,54.77,-101.86,68.0,52,75,16.11,broken clouds,0.0,0
349,Maceio,BR,2020-07-10 00:10:23,-9.67,-35.74,73.4,94,75,2.24,broken clouds,0.0,0
350,Luganville,VU,2020-07-10 00:10:23,-15.53,167.17,78.8,83,75,9.17,shower rain,0.0,0
351,Galesong,ID,2020-07-10 00:08:03,-5.32,119.37,77.0,100,20,1.12,few clouds,0.0,0
352,San Blas,MX,2020-07-10 00:10:23,21.52,-105.27,82.4,65,75,6.93,broken clouds,0.0,0
353,Saint Anthony,US,2020-07-10 00:09:54,45.02,-93.22,80.6,74,1,6.93,clear sky,0.0,0
354,Hirara,JP,2020-07-10 00:10:24,24.8,125.28,86.0,79,75,16.11,broken clouds,0.0,0
355,Wanaka,NZ,2020-07-10 00:10:24,-44.7,169.15,40.77,70,31,1.23,scattered clouds,0.0,0
356,Neiafu,TO,2020-07-10 00:10:24,-18.65,-173.98,80.6,78,75,9.17,broken clouds,0.0,0
357,Deputatskiy,RU,2020-07-10 00:10:24,69.3,139.9,57.83,60,45,5.12,scattered clouds,0.0,0
358,Damietta,EG,2020-07-10 00:08:59,31.42,31.81,77.0,88,25,2.24,scattered clouds,0.0,0
359,Ballina,AU,2020-07-10 00:10:24,-28.87,153.57,60.8,93,90,9.17,overcast clouds,0.0,0
360,Strezhevoy,RU,2020-07-10 00:10:24,60.73,77.59,57.2,76,75,8.95,broken clouds,0.0,0
361,Timizart,DZ,2020-07-10 00:10:25,36.8,4.27,79.45,22,0,7.83,clear sky,0.0,0
362,Xichang,CN,2020-07-10 00:10:25,27.9,102.26,68.49,83,100,1.16,moderate rain,2.91,0
363,Lalin,ES,2020-07-10 00:10:25,42.72,-8.12,61.0,87,75,12.75,broken clouds,0.0,0
364,Mnogovershinnyy,RU,2020-07-10 00:10:25,53.94,139.92,57.42,74,88,3.27,overcast clouds,0.0,0
365,Shiyan,CN,2020-07-10 00:10:25,32.65,110.78,79.99,69,93,3.71,overcast clouds,0.0,0
366,Boende,CD,2020-07-10 00:10:25,-0.22,20.87,74.3,86,100,2.15,overcast clouds,0.0,0
367,Sistranda,NO,2020-07-10 00:10:25,63.73,8.83,50.0,93,75,3.36,broken clouds,0.0,0
368,Bairiki,KI,2020-07-10 00:10:26,1.33,172.98,86.0,70,40,13.87,scattered clouds,0.0,0
369,Namanyere,TZ,2020-07-10 00:10:26,-7.52,31.05,60.55,76,9,5.75,clear sky,0.0,0
370,Mayo,US,2020-07-10 00:10:26,38.89,-76.51,84.99,66,1,6.93,clear sky,0.0,0
371,Jumla,NP,2020-07-10 00:10:26,29.27,82.18,63.25,70,100,2.04,overcast clouds,0.0,0
372,Hoi An,VN,2020-07-10 00:10:26,15.88,108.33,86.0,70,100,2.24,overcast clouds,0.0,0
373,Nago,JP,2020-07-10 00:10:26,26.59,127.98,87.01,79,1,10.29,clear sky,0.0,0
374,Horta,PT,2020-07-10 00:10:27,38.53,-28.63,68.0,77,75,4.7,broken clouds,0.0,0
375,Kavieng,PG,2020-07-10 00:10:27,-2.57,150.8,84.69,69,75,8.93,light rain,0.15,0
376,Adre,TD,2020-07-10 00:10:27,13.47,22.2,75.54,70,92,5.93,overcast clouds,0.0,0
377,Nogliki,RU,2020-07-10 00:10:27,51.83,143.17,51.42,96,100,6.17,overcast clouds,0.0,0
378,Puerto Narino,CO,2020-07-10 00:10:27,-3.77,-70.38,80.6,88,40,3.36,scattered clouds,0.0,0
379,San Patricio,MX,2020-07-10 00:10:27,19.22,-104.7,86.0,74,75,11.41,broken clouds,0.0,0
380,Vieques,PR,2020-07-10 00:10:27,18.43,-65.83,84.2,74,40,12.75,scattered clouds,0.0,0
381,Boa Vista,BR,2020-07-10 00:10:28,2.82,-60.67,80.6,74,75,12.75,broken clouds,0.0,0
382,Kantabanji,IN,2020-07-10 00:10:28,20.48,82.92,78.78,82,100,5.53,overcast clouds,0.0,0
383,Salinopolis,BR,2020-07-10 00:10:28,-0.61,-47.36,79.52,83,37,13.02,light rain,0.66,0
384,Kirgiz-Miyaki,RU,2020-07-10 00:10:28,53.63,54.8,68.02,84,0,1.86,clear sky,0.0,0
385,Tuy Hoa,VN,2020-07-10 00:10:28,13.08,109.3,80.13,79,100,5.26,overcast clouds,0.0,0
386,Goundam,ML,2020-07-10 00:10:28,16.41,-3.67,93.38,31,42,9.6,scattered clouds,0.0,0
387,Codrington,AU,2020-07-10 00:10:28,-38.27,141.97,50.5,72,100,10.36,overcast clouds,0.0,0
388,Dax,FR,2020-07-10 00:10:29,43.75,-1.17,69.01,82,9,4.7,clear sky,0.0,0
389,Kibala,TD,2020-07-10 00:10:29,9.11,18.35,69.31,97,97,2.95,overcast clouds,0.0,0
390,Buin,CL,2020-07-10 00:10:29,-33.73,-70.75,51.8,76,49,4.7,scattered clouds,0.0,0
391,Nuuk,GL,2020-07-10 00:10:29,64.18,-51.72,44.6,93,100,23.04,light snow,0.0,0
392,Vila Franca Do Campo,PT,2020-07-10 00:10:29,37.72,-25.43,68.0,72,75,8.05,broken clouds,0.0,0
393,Belmonte,BR,2020-07-10 00:10:29,-15.86,-38.88,71.6,88,0,5.14,clear sky,0.0,0
394,Baykit,RU,2020-07-10 00:10:29,61.67,96.37,53.64,69,97,4.05,overcast clouds,0.0,0
395,Coolum Beach,AU,2020-07-10 00:10:30,-26.53,153.1,64.0,94,37,1.99,light rain,0.67,0
396,Luderitz,NA,2020-07-10 00:10:30,-26.65,15.16,55.4,82,0,10.29,clear sky,0.0,0
397,Tiznit,MA,2020-07-10 00:10:30,29.58,-9.5,69.28,47,0,1.61,clear sky,0.0,0
398,Shellbrook,CA,2020-07-10 00:10:30,53.22,-106.4,68.0,68,40,9.17,scattered clouds,0.0,0
399,Beloha,MG,2020-07-10 00:10:30,-25.17,45.05,62.76,62,0,9.37,clear sky,0.0,0
400,Kisangani,CD,2020-07-10 00:10:30,0.52,25.2,72.19,90,32,1.39,light rain,0.2,0
401,Guanhaes,BR,2020-07-10 00:10:30,-18.77,-42.93,60.76,72,0,2.51,clear sky,0.0,0
402,Khakhea,BW,2020-07-10 00:10:30,-24.69,23.49,55.9,47,0,11.27,clear sky,0.0,0
403,Ystad,SE,2020-07-10 00:09:27,55.43,13.82,46.4,100,78,2.24,broken clouds,0.0,0
404,Ayaviri,PE,2020-07-10 00:10:31,-14.89,-70.59,42.93,50,93,3.2,overcast clouds,0.0,0
405,Puri,IN,2020-07-10 00:10:31,19.8,85.85,82.4,94,40,4.7,haze,0.0,0
406,Suluq,LY,2020-07-10 00:10:31,31.67,20.25,72.36,72,0,8.39,clear sky,0.0,0
407,Dudinka,RU,2020-07-10 00:10:31,69.41,86.18,53.6,93,2,26.84,clear sky,0.0,0
408,Durham,US,2020-07-10 00:05:58,36.03,-78.87,84.0,78,75,6.93,thunderstorm,0.0,0
409,Ipswich,GB,2020-07-10 00:10:25,52.06,1.16,57.99,93,100,10.29,light intensity drizzle,0.0,0
410,Aljezur,PT,2020-07-10 00:10:31,37.32,-8.8,73.0,73,0,8.08,clear sky,0.0,0
411,Gladstone,AU,2020-07-10 00:10:32,-23.85,151.25,69.8,56,75,10.29,broken clouds,0.0,0
412,Presidencia Roque Saenz Pena,AR,2020-07-10 00:10:32,-26.79,-60.44,49.62,81,0,6.91,clear sky,0.0,0
413,Nizwa,OM,2020-07-10 00:10:32,22.93,57.53,87.19,44,100,4.85,overcast clouds,0.0,0
414,Poli,TZ,2020-07-10 00:10:32,-3.33,36.8,66.2,93,75,6.93,moderate rain,0.0,0
415,Saint-Pierre,RE,2020-07-10 00:10:32,-21.34,55.48,68.0,82,75,18.34,broken clouds,0.0,0
416,Aklavik,CA,2020-07-10 00:10:32,68.22,-135.01,44.6,81,75,12.75,shower rain,0.0,0
417,Gulariya,NP,2020-07-10 00:10:32,28.23,81.33,87.01,70,100,1.99,moderate rain,2.17,0
418,Gorom-Gorom,BF,2020-07-10 00:10:33,14.44,-0.24,91.87,37,59,12.3,broken clouds,0.0,0
419,Maua,BR,2020-07-10 00:10:33,-23.67,-46.46,59.0,87,20,8.05,few clouds,0.0,0
420,Keflavik,IS,2020-07-10 00:10:33,64.0,-22.56,51.8,66,75,9.17,broken clouds,0.0,0
421,Fortuna,US,2020-07-10 00:10:33,40.6,-124.16,69.01,77,40,14.99,scattered clouds,0.0,0
422,Novomykolayivka,UA,2020-07-10 00:10:33,47.98,35.91,64.99,72,0,6.71,clear sky,0.0,0
423,Mehran,IR,2020-07-10 00:10:33,33.12,46.16,73.4,25,20,6.93,few clouds,0.0,0
424,Ewa Beach,US,2020-07-10 00:10:33,21.32,-158.01,87.8,48,75,10.29,broken clouds,0.0,0
425,Toyooka,JP,2020-07-10 00:10:34,35.53,134.83,73.4,100,75,4.7,light rain,0.0,0
426,Sakaiminato,JP,2020-07-10 00:10:34,35.55,133.23,75.2,94,75,3.36,light rain,0.0,0
427,Verkhoyansk,RU,2020-07-10 00:10:34,67.54,133.38,68.67,43,45,6.11,scattered clouds,0.0,0
428,Syracuse,IT,2020-07-10 00:10:34,37.09,15.28,75.2,88,0,5.82,clear sky,0.0,0
429,Hammerfest,NO,2020-07-10 00:10:34,70.66,23.68,44.6,87,75,12.75,broken clouds,0.0,0
430,San Pedro De Ycuamandiyu,PY,2020-07-10 00:10:34,-24.09,-57.08,51.48,84,0,3.58,clear sky,0.0,0
431,Tilichiki,RU,2020-07-10 00:10:35,60.47,166.1,52.18,89,100,6.78,overcast clouds,0.0,0
432,Chiungutwa,TZ,2020-07-10 00:10:35,-10.88,38.98,65.8,95,2,2.8,clear sky,0.0,0
433,Baniyas,SY,2020-07-10 00:10:35,35.18,35.95,75.2,73,40,4.7,scattered clouds,0.0,0
434,Dunedin,NZ,2020-07-10 00:10:35,-45.87,170.5,51.01,61,65,24.0,broken clouds,0.0,0
435,Sibu,MY,2020-07-10 00:10:35,2.3,111.82,75.2,94,40,3.36,scattered clouds,0.0,0
436,Sayyan,YE,2020-07-10 00:10:35,15.17,44.32,65.43,57,38,2.24,scattered clouds,0.0,0
437,Wanning,CN,2020-07-10 00:10:36,18.8,110.4,84.34,78,100,13.87,overcast clouds,0.0,0
438,Missoula,US,2020-07-10 00:10:36,47.02,-113.8,82.4,26,20,5.82,few clouds,0.0,0
439,Kozhva,RU,2020-07-10 00:10:36,65.11,57.05,71.69,70,0,6.53,clear sky,0.0,0
440,Sunrise Manor,US,2020-07-10 00:10:36,36.21,-115.07,106.0,5,1,10.29,clear sky,0.0,0
441,Alugan,PH,2020-07-10 00:10:36,12.22,125.48,84.7,73,100,7.76,overcast clouds,0.0,0
442,Cidreira,BR,2020-07-10 00:10:36,-30.18,-50.21,50.67,72,0,11.81,clear sky,0.0,0
443,Visby,SE,2020-07-10 00:10:36,57.64,18.3,50.0,100,60,6.93,broken clouds,0.0,0
444,Santa Paula,US,2020-07-10 00:08:29,34.35,-119.06,86.0,56,1,11.41,clear sky,0.0,0
445,Kireka,UG,2020-07-10 00:10:37,0.35,32.65,71.6,83,20,2.24,few clouds,0.0,0
446,Kruisfontein,ZA,2020-07-10 00:10:37,-34.0,24.73,52.21,93,57,5.01,broken clouds,0.0,0
447,Hami,CN,2020-07-10 00:10:37,42.8,93.45,78.42,20,87,17.22,overcast clouds,0.0,0
448,Jutai,BR,2020-07-10 00:10:37,-5.18,-68.9,78.35,78,100,2.26,light rain,0.42,0
449,Acarau,BR,2020-07-10 00:10:37,-2.89,-40.12,78.98,77,10,15.19,clear sky,0.0,0
450,Pangai,TO,2020-07-10 00:10:38,-19.8,-174.35,78.8,74,75,13.87,broken clouds,0.0,0
451,Piopio,NZ,2020-07-10 00:10:38,-38.47,175.02,51.01,54,0,1.01,clear sky,0.0,0
452,Tottori,JP,2020-07-10 00:10:38,35.5,134.23,77.0,88,75,4.7,light rain,0.0,0
453,Chegdomyn,RU,2020-07-10 00:10:38,51.12,133.02,70.52,58,20,3.47,few clouds,0.0,0
454,Zyryanka,RU,2020-07-10 00:10:38,65.75,150.85,68.07,58,39,4.27,scattered clouds,0.0,0
455,Pemangkat,ID,2020-07-10 00:07:07,1.17,108.97,78.57,86,100,13.56,light rain,0.74,0
456,Avera,US,2020-07-10 00:10:38,33.19,-82.53,86.0,66,40,6.93,scattered clouds,0.0,0
457,Gashua,NG,2020-07-10 00:10:39,12.87,11.05,85.12,49,99,24.2,light rain,0.57,0
458,Soyo,AO,2020-07-10 00:10:39,-6.13,12.37,73.47,85,7,8.19,clear sky,0.0,0
459,Uyemskiy,RU,2020-07-10 00:10:39,64.47,40.85,53.6,93,89,4.47,overcast clouds,0.0,0
460,Camana,PE,2020-07-10 00:10:04,-16.62,-72.71,60.22,75,13,3.4,few clouds,0.0,0
461,Ziro,IN,2020-07-10 00:10:39,27.63,93.83,60.84,100,100,1.48,light rain,0.79,0
462,Acajutla,SV,2020-07-10 00:10:39,13.59,-89.83,93.2,41,40,4.56,scattered clouds,0.0,0
463,Almaznyy,RU,2020-07-10 00:10:39,48.04,40.05,57.2,82,0,6.71,clear sky,0.0,0
464,Berlevag,NO,2020-07-10 00:10:40,70.86,29.09,46.78,92,100,17.0,overcast clouds,0.0,0
465,Pasir Gudang,MY,2020-07-10 00:10:40,1.46,103.88,78.8,88,75,4.7,broken clouds,0.0,0
466,Mayya,RU,2020-07-10 00:10:40,61.73,130.28,68.0,56,40,8.95,scattered clouds,0.0,0
467,Pombia,IT,2020-07-10 00:10:40,45.65,8.63,70.0,82,91,3.36,overcast clouds,0.0,0
468,Pacific Grove,US,2020-07-10 00:09:44,36.62,-121.92,62.6,72,1,10.29,clear sky,0.0,0
469,Pecos,US,2020-07-10 00:10:40,31.42,-103.49,107.6,12,1,8.05,clear sky,0.0,0
470,Alyangula,AU,2020-07-10 00:10:41,-13.85,136.42,78.8,57,90,8.05,overcast clouds,0.0,0
471,Golkoy,TR,2020-07-10 00:10:41,40.69,37.62,68.0,100,75,8.05,broken clouds,0.0,0
472,San Isidro,PE,2020-07-10 00:10:41,-12.12,-77.05,60.8,82,90,9.17,overcast clouds,0.0,0
473,Lorengau,PG,2020-07-10 00:10:41,-2.02,147.27,84.2,75,74,10.6,light rain,0.19,0
474,Christchurch,NZ,2020-07-10 00:08:25,-43.53,172.63,51.01,61,57,1.12,broken clouds,0.0,0
475,Deer Lake,CA,2020-07-10 00:10:41,49.17,-57.43,57.2,87,90,6.93,shower rain,0.0,0
476,Pampa,US,2020-07-10 00:10:37,35.54,-100.96,105.8,12,1,12.75,clear sky,0.0,0
477,Saint-Augustin,CA,2020-07-10 00:10:42,51.23,-58.65,56.23,95,100,11.07,overcast clouds,0.0,0
478,Garowe,SO,2020-07-10 00:10:42,8.41,48.48,79.99,56,90,30.15,overcast clouds,0.0,0
479,Dharchula,IN,2020-07-10 00:10:42,29.85,80.53,69.67,75,86,0.56,light rain,0.29,0
480,Caucaia,BR,2020-07-10 00:10:42,-3.74,-38.65,79.0,78,41,8.05,scattered clouds,0.0,0
481,Verkhnevilyuysk,RU,2020-07-10 00:10:42,63.45,120.32,71.71,53,11,5.03,few clouds,0.0,0
482,Burns Lake,CA,2020-07-10 00:10:42,54.23,-125.75,65.12,42,55,4.56,broken clouds,0.0,0
483,Umba,RU,2020-07-10 00:10:42,66.69,34.34,53.31,88,93,7.02,overcast clouds,0.0,0
484,Arlit,NE,2020-07-10 00:10:43,18.74,7.39,94.42,24,77,4.25,broken clouds,0.0,0
485,Vazante,BR,2020-07-10 00:10:43,-17.99,-46.91,68.38,53,3,4.43,clear sky,0.0,0
486,Nsunga,TZ,2020-07-10 00:10:43,-1.14,31.39,69.8,68,2,0.67,clear sky,0.0,0
487,Masterton,NZ,2020-07-10 00:10:43,-40.96,175.66,53.01,81,40,2.44,scattered clouds,0.0,0
488,Marsh Harbour,BS,2020-07-10 00:10:43,26.54,-77.06,85.24,72,100,7.54,light rain,0.98,0
489,Half Moon Bay,US,2020-07-10 00:06:08,37.46,-122.43,82.4,82,1,12.75,haze,0.0,0
490,Polyarnyy,RU,2020-07-10 00:10:43,69.2,33.45,48.2,93,75,4.47,light intensity shower rain,0.0,0
491,Cape Coast,GH,2020-07-10 00:10:44,5.11,-1.25,75.11,92,100,8.08,overcast clouds,0.0,0
492,Lexington,US,2020-07-10 00:07:53,37.99,-84.48,89.01,62,1,3.06,clear sky,0.0,0
493,Moose Factory,CA,2020-07-10 00:10:44,51.26,-80.61,80.6,69,99,4.05,overcast clouds,0.0,0
494,Riyadh,SA,2020-07-10 00:06:18,24.69,46.72,87.8,20,36,3.36,scattered clouds,0.0,0
495,Oistins,BB,2020-07-10 00:10:44,13.07,-59.53,82.4,78,40,18.34,scattered clouds,0.0,0
496,Hashtrud,IR,2020-07-10 00:10:45,37.48,47.05,65.08,61,17,3.78,few clouds,0.0,0
497,Zhangye,CN,2020-07-10 00:10:45,38.93,100.45,73.49,27,0,7.29,clear sky,0.0,0
498,Zhangzhou,CN,2020-07-10 00:10:45,24.51,117.66,84.2,83,40,8.95,scattered clouds,0.0,0
499,Pachino,IT,2020-07-10 00:10:45,36.72,15.09,72.0,74,0,6.58,clear sky,0.0,0
500,Port Augusta,AU,2020-07-10 00:10:45,-32.5,137.77,48.99,70,75,3.36,broken clouds,0.0,0
501,Ayagoz,KZ,2020-07-10 00:10:45,47.97,80.44,63.16,71,1,6.53,clear sky,0.0,0
502,Sabha,LY,2020-07-10 00:10:45,27.04,14.43,80.35,23,0,10.85,clear sky,0.0,0
503,Tall Kayf,TR,2020-07-10 00:10:46,37.08,41.07,80.6,65,20,9.17,few clouds,0.0,0
504,Iqaluit,CA,2020-07-10 00:10:46,63.75,-68.51,46.4,81,75,6.93,broken clouds,0.0,0
505,Bograd,RU,2020-07-10 00:10:46,54.23,90.83,64.4,88,100,4.47,light rain,0.15,0
506,Shakawe,BW,2020-07-10 00:10:46,-18.37,21.85,55.63,48,0,3.09,clear sky,0.0,0
507,Oparino,RU,2020-07-10 00:10:46,59.85,48.28,62.22,97,100,5.66,light rain,0.66,0
508,Svetlogorsk,BY,2020-07-10 00:10:46,52.63,29.73,52.18,78,59,5.1,broken clouds,0.0,0
509,Mahibadhoo,MV,2020-07-10 00:10:46,3.78,72.97,83.48,73,100,8.93,overcast clouds,0.0,0
510,Okhotsk,RU,2020-07-10 00:10:46,59.38,143.3,53.44,91,100,6.35,overcast clouds,0.0,0
511,Chignahuapan,MX,2020-07-10 00:10:47,19.83,-98.03,61.86,78,86,2.57,light rain,0.77,0
512,Abu Dhabi,AE,2020-07-10 00:06:00,24.47,54.37,93.2,63,66,3.36,broken clouds,0.0,0
513,Dandong,CN,2020-07-10 00:09:05,40.13,124.39,76.91,68,98,4.97,overcast clouds,0.0,0
514,Ishinomaki,JP,2020-07-10 00:10:47,38.42,141.3,71.6,88,75,9.17,mist,0.0,0
515,Cabo San Lucas,MX,2020-07-10 00:10:05,22.89,-109.91,86.0,62,40,8.05,scattered clouds,0.0,0
516,Ko Samui,TH,2020-07-10 00:10:47,9.54,99.94,82.4,78,20,2.24,few clouds,0.0,0
517,Hualmay,PE,2020-07-10 00:10:47,-11.1,-77.61,60.78,83,9,10.92,clear sky,0.0,0
518,Pilar,BR,2020-07-10 00:07:04,-9.6,-35.96,73.4,94,75,2.24,broken clouds,0.0,0
519,Ulladulla,AU,2020-07-10 00:10:48,-35.35,150.47,57.0,87,98,6.93,overcast clouds,0.0,0
520,Umm Lajj,SA,2020-07-10 00:10:48,25.02,37.27,81.99,68,0,7.63,clear sky,0.0,0
521,Alpena,US,2020-07-10 00:10:48,45.06,-83.43,78.8,83,75,3.36,broken clouds,0.0,0
522,Plettenberg Bay,ZA,2020-07-10 00:10:48,-34.05,23.37,57.47,81,96,7.4,overcast clouds,0.0,0
523,Naifaru,MV,2020-07-10 00:10:48,5.44,73.37,83.17,77,98,13.2,overcast clouds,0.0,0
524,Mandalgovi,MN,2020-07-10 00:10:48,45.76,106.27,55.83,73,75,16.46,broken clouds,0.0,0
525,Road Town,VG,2020-07-10 00:09:16,18.42,-64.62,84.2,74,40,10.29,scattered clouds,0.0,0
526,Inta,RU,2020-07-10 00:10:49,66.03,60.17,67.41,82,0,9.55,light rain,0.67,0
527,Namie,JP,2020-07-10 00:10:49,37.48,141.0,77.0,90,87,3.83,overcast clouds,0.0,0
528,Susanville,US,2020-07-10 00:10:49,40.42,-120.65,87.8,14,1,12.75,clear sky,0.0,0
529,Solnechnyy,RU,2020-07-10 00:10:49,50.72,136.63,58.98,79,91,6.06,overcast clouds,0.0,0
530,El Tocuyo,VE,2020-07-10 00:10:49,9.79,-69.79,82.4,58,4,13.87,clear sky,0.0,0
531,Sangar,RU,2020-07-10 00:10:50,63.92,127.47,71.8,44,37,13.91,scattered clouds,0.0,0
532,Eatonton,US,2020-07-10 00:10:50,33.33,-83.39,86.0,80,49,2.84,scattered clouds,0.0,0
533,Talara,PE,2020-07-10 00:10:50,-4.58,-81.27,64.09,82,1,22.55,clear sky,0.0,0
534,Araioses,BR,2020-07-10 00:10:50,-2.89,-41.9,77.29,88,5,8.23,light rain,0.22,0
535,Zharkent,KZ,2020-07-10 00:10:50,44.16,80.0,67.62,50,9,5.55,clear sky,0.0,0
536,Los Banos,PH,2020-07-10 00:10:50,14.17,121.18,88.0,74,40,4.7,scattered clouds,0.0,0
537,Songea,TZ,2020-07-10 00:10:50,-10.68,35.65,66.2,88,75,11.41,broken clouds,0.0,0
538,Mount Isa,AU,2020-07-10 00:10:50,-20.73,139.5,69.8,56,6,3.36,clear sky,0.0,0
539,Nanning,CN,2020-07-10 00:10:51,22.82,108.32,82.4,83,100,4.47,light rain,0.19,0
540,Buchanan,LR,2020-07-10 00:10:51,5.88,-10.05,76.89,83,100,11.88,light rain,0.14,0
541,Planeta Rica,CO,2020-07-10 00:10:51,8.41,-75.59,86.0,74,40,11.41,scattered clouds,0.0,0
542,Elizabeth City,US,2020-07-10 00:08:23,36.29,-76.25,80.6,83,75,12.75,broken clouds,0.0,0
543,Batagay-Alyta,RU,2020-07-10 00:10:51,67.8,130.41,63.52,49,0,7.31,clear sky,0.0,0
544,Monte Santo,BR,2020-07-10 00:10:51,-10.44,-39.33,67.44,96,25,6.71,scattered clouds,0.0,0
545,Timmins,CA,2020-07-10 00:10:52,48.47,-81.33,86.0,55,75,5.82,broken clouds,0.0,0
546,Saint-Leu,RE,2020-07-10 00:10:52,-21.15,55.28,68.0,82,75,18.34,broken clouds,0.0,0
547,Seminole,US,2020-07-10 00:10:52,28.71,-81.21,89.01,69,97,1.99,overcast clouds,0.0,0
548,Santa Lucia,ES,2020-07-10 00:10:52,27.91,-15.54,71.6,73,40,25.28,scattered clouds,0.0,0
549,Huilong,CN,2020-07-10 00:10:52,31.81,121.66,80.01,90,85,6.87,overcast clouds,0.0,0
550,Buluang,PH,2020-07-10 00:10:52,13.31,123.34,83.12,79,100,3.18,overcast clouds,0.0,0
551,Belyy Yar,RU,2020-07-10 00:10:52,53.6,91.39,64.4,88,100,4.47,overcast clouds,0.0,0
552,Esperance,AU,2020-07-10 00:10:52,-33.87,121.9,48.2,93,75,6.93,broken clouds,0.0,0
553,Lukow,PL,2020-07-10 00:10:53,51.93,22.38,64.99,70,98,11.99,overcast clouds,0.0,0
554,Ancud,CL,2020-07-10 00:10:53,-41.87,-73.82,44.01,87,75,4.7,broken clouds,0.0,0
555,Calama,CL,2020-07-10 00:10:53,-22.47,-68.93,57.2,2,0,8.05,clear sky,0.0,0
556,Coffs Harbour,AU,2020-07-10 00:10:53,-30.3,153.13,60.8,87,90,3.15,overcast clouds,0.0,0
557,Darhan,MN,2020-07-10 00:10:53,49.49,105.92,59.34,77,100,6.49,overcast clouds,0.0,0
558,Saint-Francois,FR,2020-07-10 00:10:53,46.42,3.91,69.01,72,5,3.36,clear sky,0.0,0
559,Dutlwe,BW,2020-07-10 00:10:53,-23.98,23.9,52.84,55,0,7.78,clear sky,0.0,0
560,Roebourne,AU,2020-07-10 00:10:54,-20.78,117.13,67.03,30,18,19.37,few clouds,0.0,0
